observation_id,observer,species,location,date_observed
1,Alice,Blue Morpho,Garden,2020-11-25
2,Bob,Painted Lady,Rainforest,2018-07-28
3,Dana,Monarch,Meadow,2018-02-08
4,Alice,Painted Lady,Desert,2020-12-23
5,Bob,Red Admiral,Rainforest,2015-12-28
6,Dana,Swallowtail,Rainforest,2020-12-16
7,Charlie,Monarch,Meadow,2020-03-14
8,Charlie,Blue Morpho,Desert,2018-07-08
9,Bob,Red Admiral,Mountain,2016-05-29
10,Charlie,Swallowtail,Desert,2016-03-24
11,Alice,Painted Lady,Garden,2020-04-07
12,Dana,Swallowtail,Rainforest,2019-02-15
13,Alice,Red Admiral,Garden,2018-06-01
14,Alice,Red Admiral,Mountain,2020-01-30
15,Charlie,Swallowtail,Garden,2017-05-23
16,Alice,Painted Lady,Desert,2018-11-29
17,Charlie,Swallowtail,Garden,2019-10-21
18,Dana,Red Admiral,Mountain,2017-07-11
19,Dana,Red Admiral,Mountain,2020-11-29
20,Alice,Blue Morpho,Mountain,2017-11-02
21,Bob,Blue Morpho,Desert,2018-11-17
22,Charlie,Monarch,Mountain,2015-11-10
23,Charlie,Red Admiral,Rainforest,2020-06-20
24,Alice,Blue Morpho,Mountain,2017-11-03
25,Charlie,Swallowtail,Garden,2019-07-15
26,Charlie,Painted Lady,Garden,2019-11-14
27,Bob,Swallowtail,Garden,2017-10-11
28,Bob,Painted Lady,Desert,2017-12-29
29,Alice,Blue Morpho,Garden,2018-01-29
30,Bob,Monarch,Desert,2016-11-28
31,Alice,Swallowtail,Desert,2020-12-19
32,Dana,Swallowtail,Mountain,2018-11-05
33,Alice,Swallowtail,Rainforest,2018-03-01
34,Dana,Painted Lady,Mountain,2017-11-09
35,Alice,Blue Morpho,Mountain,2020-04-13
36,Charlie,Swallowtail,Desert,2017-10-10
37,Bob,Swallowtail,Desert,2015-08-15
38,Dana,Monarch,Garden,2020-01-03
39,Alice,Monarch,Garden,2019-02-01
40,Bob,Blue Morpho,Mountain,2017-04-01
41,Alice,Blue Morpho,Meadow,2020-07-16
42,Bob,Red Admiral,Meadow,2017-05-20
43,Bob,Monarch,Garden,2020-09-16
44,Alice,Red Admiral,Meadow,2019-12-01
45,Dana,Painted Lady,Garden,2015-07-07
46,Dana,Red Admiral,Desert,2017-12-16
47,Charlie,Swallowtail,Mountain,2017-07-29
48,Bob,Red Admiral,Rainforest,2016-06-09
49,Charlie,Blue Morpho,Mountain,2015-12-02
50,Charlie,Painted Lady,Garden,2017-12-14
51,Alice,Swallowtail,Garden,2015-06-11
52,Alice,Red Admiral,Mountain,2016-08-16
53,Alice,Painted Lady,Garden,2020-04-22
54,Bob,Painted Lady,Meadow,2015-03-01
55,Alice,Swallowtail,Meadow,2020-03-16
56,Alice,Red Admiral,Garden,2016-02-10
57,Bob,Painted Lady,Garden,2016-10-25
58,Bob,Painted Lady,Meadow,2018-02-06
59,Dana,Monarch,Garden,2018-01-04
60,Alice,Painted Lady,Garden,2016-06-25
61,Alice,Monarch,Mountain,2018-08-30
62,Alice,Red Admiral,Rainforest,2017-09-24
63,Dana,Red Admiral,Meadow,2018-02-14
64,Alice,Red Admiral,Mountain,2017-05-17
65,Dana,Blue Morpho,Rainforest,2020-08-28
66,Charlie,Red Admiral,Garden,2016-03-07
67,Dana,Painted Lady,Garden,2017-01-09
68,Charlie,Swallowtail,Mountain,2018-10-05
69,Alice,Monarch,Garden,2015-07-02
70,Charlie,Blue Morpho,Desert,2020-11-30
71,Dana,Red Admiral,Mountain,2018-04-21
72,Bob,Red Admiral,Rainforest,2018-03-15
73,Charlie,Swallowtail,Mountain,2017-04-10
74,Charlie,Swallowtail,Meadow,2019-07-10
75,Alice,Blue Morpho,Mountain,2018-02-10
76,Dana,Monarch,Garden,2016-04-20
77,Charlie,Red Admiral,Garden,2018-08-19
78,Charlie,Blue Morpho,Desert,2017-08-28
79,Charlie,Painted Lady,Desert,2017-10-16
80,Charlie,Painted Lady,Desert,2018-02-15
81,Bob,Blue Morpho,Rainforest,2020-01-11
82,Dana,Red Admiral,Desert,2015-06-10
83,Alice,Blue Morpho,Rainforest,2015-07-17
84,Alice,Red Admiral,Desert,2018-07-07
85,Bob,Swallowtail,Rainforest,2016-10-21
86,Dana,Blue Morpho,Mountain,2019-11-11
87,Charlie,Red Admiral,Mountain,2017-12-06
88,Bob,Blue Morpho,Garden,2020-07-03
89,Dana,Blue Morpho,Rainforest,2016-02-03
90,Charlie,Red Admiral,Meadow,2019-09-30
91,Bob,Red Admiral,Garden,2019-05-02
92,Dana,Monarch,Mountain,2020-10-26
93,Alice,Blue Morpho,Rainforest,2020-12-11
94,Alice,Painted Lady,Desert,2015-03-16
95,Dana,Blue Morpho,Meadow,2020-12-24
96,Alice,Blue Morpho,Mountain,2016-08-24
97,Dana,Red Admiral,Garden,2017-04-16
98,Charlie,Blue Morpho,Rainforest,2019-03-09
99,Dana,Blue Morpho,Meadow,2016-05-14
100,Charlie,Painted Lady,Rainforest,2019-05-16
101,Bob,Red Admiral,Desert,2015-05-18
102,Dana,Blue Morpho,Garden,2020-09-28
103,Bob,Swallowtail,Rainforest,2019-11-30
104,Alice,Monarch,Mountain,2017-08-30
105,Charlie,Painted Lady,Garden,2019-07-01
106,Dana,Blue Morpho,Mountain,2020-02-29
107,Bob,Swallowtail,Rainforest,2020-07-21
108,Charlie,Blue Morpho,Garden,2020-03-15
109,Charlie,Blue Morpho,Mountain,2018-12-20
110,Alice,Red Admiral,Desert,2016-06-30
111,Alice,Red Admiral,Desert,2017-07-10
112,Charlie,Red Admiral,Rainforest,2016-08-03
113,Charlie,Swallowtail,Garden,2018-10-04
114,Dana,Blue Morpho,Meadow,2020-05-10
115,Charlie,Monarch,Garden,2020-06-26
116,Dana,Painted Lady,Desert,2020-09-27
117,Charlie,Red Admiral,Mountain,2016-12-04
118,Alice,Red Admiral,Meadow,2019-06-14
119,Dana,Blue Morpho,Rainforest,2016-09-29
120,Bob,Blue Morpho,Meadow,2017-10-06
121,Alice,Swallowtail,Rainforest,2016-10-02
122,Dana,Swallowtail,Meadow,2020-02-05
123,Dana,Red Admiral,Rainforest,2018-04-20
124,Bob,Blue Morpho,Rainforest,2016-11-16
125,Dana,Monarch,Meadow,2020-01-26
126,Charlie,Painted Lady,Meadow,2015-07-07
127,Bob,Blue Morpho,Rainforest,2019-06-08
128,Alice,Blue Morpho,Desert,2019-08-15
129,Alice,Swallowtail,Meadow,2017-09-11
130,Charlie,Painted Lady,Garden,2016-07-01
131,Alice,Red Admiral,Mountain,2018-12-02
132,Dana,Blue Morpho,Rainforest,2017-05-25
133,Dana,Red Admiral,Rainforest,2016-09-09
134,Charlie,Blue Morpho,Mountain,2018-09-27
135,Alice,Red Admiral,Desert,2018-05-28
136,Alice,Painted Lady,Mountain,2017-06-21
137,Charlie,Swallowtail,Meadow,2015-06-12
138,Bob,Painted Lady,Mountain,2020-05-28
139,Alice,Monarch,Rainforest,2015-09-27
140,Bob,Swallowtail,Mountain,2016-09-23
141,Alice,Painted Lady,Garden,2017-06-24
142,Alice,Monarch,Meadow,2020-07-07
143,Alice,Blue Morpho,Mountain,2019-06-30
144,Alice,Blue Morpho,Rainforest,2015-07-24
145,Dana,Red Admiral,Meadow,2016-08-04
146,Bob,Swallowtail,Rainforest,2019-04-29
147,Bob,Blue Morpho,Desert,2017-04-20
148,Alice,Swallowtail,Garden,2020-01-11
149,Alice,Blue Morpho,Desert,2018-06-05
150,Bob,Red Admiral,Garden,2019-09-16
151,Dana,Painted Lady,Mountain,2019-07-01
152,Charlie,Red Admiral,Meadow,2017-05-24
153,Charlie,Monarch,Mountain,2019-01-04
154,Bob,Blue Morpho,Garden,2016-11-20
155,Alice,Monarch,Garden,2020-07-03
156,Alice,Monarch,Garden,2018-11-23
157,Dana,Swallowtail,Rainforest,2020-06-24
158,Charlie,Blue Morpho,Meadow,2016-11-02
159,Dana,Monarch,Mountain,2018-03-17
160,Charlie,Painted Lady,Mountain,2019-02-04
161,Bob,Monarch,Desert,2017-08-01
162,Charlie,Painted Lady,Garden,2018-12-20
163,Dana,Swallowtail,Garden,2017-06-14
164,Dana,Monarch,Garden,2020-12-29
165,Dana,Red Admiral,Mountain,2018-08-29
166,Bob,Swallowtail,Desert,2015-06-14
167,Charlie,Painted Lady,Rainforest,2020-08-30
168,Charlie,Swallowtail,Meadow,2018-01-10
169,Dana,Monarch,Rainforest,2019-10-20
170,Charlie,Blue Morpho,Mountain,2020-04-22
171,Alice,Blue Morpho,Garden,2016-01-06
172,Alice,Painted Lady,Meadow,2020-02-24
173,Alice,Painted Lady,Mountain,2017-05-02
174,Charlie,Blue Morpho,Mountain,2016-01-19
175,Bob,Painted Lady,Mountain,2020-04-15
176,Bob,Swallowtail,Meadow,2016-02-29
177,Bob,Red Admiral,Meadow,2016-09-20
178,Bob,Red Admiral,Desert,2017-06-13
179,Alice,Swallowtail,Desert,2016-08-20
180,Alice,Red Admiral,Rainforest,2016-08-15
181,Dana,Monarch,Meadow,2019-08-15
182,Charlie,Swallowtail,Meadow,2016-07-26
183,Charlie,Painted Lady,Meadow,2020-09-06
184,Bob,Swallowtail,Desert,2020-09-21
185,Alice,Blue Morpho,Mountain,2019-09-01
186,Bob,Painted Lady,Garden,2015-06-26
187,Dana,Blue Morpho,Desert,2016-06-12
188,Charlie,Painted Lady,Meadow,2019-06-22
189,Charlie,Red Admiral,Desert,2017-08-23
190,Bob,Swallowtail,Rainforest,2019-02-26
191,Dana,Monarch,Meadow,2015-07-17
192,Charlie,Painted Lady,Rainforest,2017-05-02
193,Dana,Painted Lady,Meadow,2019-03-18
194,Dana,Blue Morpho,Desert,2020-08-31
195,Bob,Red Admiral,Mountain,2017-12-16
196,Alice,Blue Morpho,Garden,2015-04-08
197,Bob,Blue Morpho,Rainforest,2020-03-18
198,Alice,Red Admiral,Desert,2016-03-10
199,Dana,Monarch,Mountain,2016-09-28
200,Alice,Blue Morpho,Desert,2016-08-10
201,Dana,Blue Morpho,Rainforest,2015-12-10
202,Charlie,Painted Lady,Garden,2018-08-10
203,Charlie,Red Admiral,Desert,2020-06-02
204,Charlie,Swallowtail,Meadow,2016-07-24
205,Bob,Monarch,Mountain,2016-09-02
206,Bob,Monarch,Desert,2019-09-24
207,Dana,Red Admiral,Mountain,2020-01-29
208,Charlie,Painted Lady,Meadow,2017-08-17
209,Bob,Painted Lady,Garden,2020-09-10
210,Charlie,Red Admiral,Garden,2016-06-15
211,Bob,Painted Lady,Meadow,2018-03-23
212,Alice,Monarch,Mountain,2017-12-27
213,Alice,Monarch,Desert,2020-03-16
214,Charlie,Swallowtail,Meadow,2017-06-02
215,Dana,Red Admiral,Rainforest,2019-08-06
216,Bob,Blue Morpho,Mountain,2020-10-27
217,Bob,Blue Morpho,Garden,2019-10-16
218,Alice,Swallowtail,Meadow,2017-02-20
219,Alice,Swallowtail,Garden,2020-10-06
220,Dana,Painted Lady,Mountain,2017-05-30
221,Dana,Swallowtail,Garden,2016-03-22
222,Dana,Swallowtail,Meadow,2020-10-14
223,Charlie,Blue Morpho,Mountain,2019-11-19
224,Alice,Painted Lady,Rainforest,2018-07-01
225,Charlie,Swallowtail,Meadow,2020-06-14
226,Alice,Swallowtail,Desert,2017-12-03
227,Alice,Painted Lady,Meadow,2019-04-27
228,Bob,Red Admiral,Mountain,2017-10-08
229,Alice,Painted Lady,Meadow,2017-02-12
230,Alice,Blue Morpho,Rainforest,2019-12-20
231,Charlie,Red Admiral,Rainforest,2018-04-16
232,Alice,Monarch,Desert,2018-12-21
233,Charlie,Painted Lady,Garden,2015-11-03
234,Dana,Blue Morpho,Mountain,2017-02-17
235,Alice,Red Admiral,Mountain,2015-01-08
236,Alice,Painted Lady,Garden,2016-04-20
237,Charlie,Swallowtail,Rainforest,2018-08-13
238,Dana,Painted Lady,Rainforest,2016-04-29
239,Bob,Monarch,Meadow,2017-06-23
240,Dana,Painted Lady,Desert,2016-07-12
241,Charlie,Red Admiral,Desert,2020-05-21
242,Dana,Red Admiral,Desert,2018-02-01
243,Charlie,Painted Lady,Meadow,2018-05-18
244,Charlie,Red Admiral,Desert,2016-04-12
245,Bob,Swallowtail,Garden,2017-04-27
246,Alice,Painted Lady,Meadow,2015-09-16
247,Charlie,Swallowtail,Garden,2015-10-10
248,Charlie,Swallowtail,Meadow,2019-07-08
249,Bob,Blue Morpho,Desert,2020-03-13
250,Charlie,Painted Lady,Garden,2015-02-09
251,Alice,Red Admiral,Garden,2017-10-11
252,Bob,Swallowtail,Garden,2016-09-04
253,Alice,Blue Morpho,Meadow,2020-03-30
254,Alice,Painted Lady,Mountain,2016-11-18
255,Bob,Painted Lady,Desert,2016-09-04
256,Charlie,Monarch,Garden,2019-11-17
257,Alice,Monarch,Mountain,2019-12-16
258,Alice,Swallowtail,Desert,2019-03-28
259,Alice,Monarch,Desert,2020-04-14
260,Alice,Swallowtail,Garden,2018-02-26
261,Bob,Red Admiral,Garden,2016-07-28
262,Bob,Swallowtail,Meadow,2020-03-25
263,Dana,Monarch,Mountain,2017-10-09
264,Dana,Red Admiral,Mountain,2016-10-31
265,Alice,Monarch,Garden,2015-09-26
266,Charlie,Swallowtail,Desert,2018-07-07
267,Alice,Blue Morpho,Garden,2017-07-12
268,Charlie,Painted Lady,Desert,2018-01-30
269,Alice,Monarch,Desert,2019-03-10
270,Dana,Swallowtail,Garden,2019-10-25
271,Dana,Red Admiral,Rainforest,2019-05-14
272,Charlie,Monarch,Mountain,2015-09-04
273,Alice,Monarch,Desert,2019-04-10
274,Charlie,Painted Lady,Desert,2020-12-18
275,Dana,Swallowtail,Rainforest,2020-04-23
276,Alice,Blue Morpho,Meadow,2017-07-18
277,Alice,Red Admiral,Rainforest,2015-08-15
278,Charlie,Swallowtail,Rainforest,2015-09-22
279,Bob,Red Admiral,Desert,2018-10-27
280,Charlie,Monarch,Mountain,2018-12-28
281,Dana,Painted Lady,Rainforest,2016-10-07
282,Dana,Painted Lady,Meadow,2018-11-19
283,Dana,Blue Morpho,Garden,2019-01-13
284,Dana,Painted Lady,Rainforest,2018-10-19
285,Dana,Monarch,Rainforest,2020-03-14
286,Bob,Blue Morpho,Meadow,2018-06-03
287,Alice,Swallowtail,Mountain,2017-09-08
288,Charlie,Painted Lady,Rainforest,2018-02-28
289,Charlie,Blue Morpho,Rainforest,2016-08-10
290,Dana,Monarch,Mountain,2016-04-20
291,Charlie,Red Admiral,Meadow,2019-12-27
292,Dana,Red Admiral,Rainforest,2017-09-12
293,Bob,Monarch,Mountain,2018-05-26
294,Bob,Monarch,Rainforest,2015-07-09
295,Alice,Red Admiral,Garden,2018-12-11
296,Bob,Blue Morpho,Desert,2017-09-07
297,Bob,Red Admiral,Garden,2019-08-26
298,Alice,Monarch,Rainforest,2019-09-12
299,Charlie,Painted Lady,Meadow,2015-02-10
300,Dana,Swallowtail,Desert,2017-07-31
301,Dana,Painted Lady,Garden,2015-12-04
302,Charlie,Painted Lady,Mountain,2018-08-30
303,Alice,Monarch,Meadow,2018-01-03
304,Charlie,Red Admiral,Garden,2017-06-14
305,Bob,Blue Morpho,Mountain,2019-08-02
306,Alice,Painted Lady,Rainforest,2017-07-19
307,Alice,Red Admiral,Mountain,2015-10-16
308,Alice,Blue Morpho,Garden,2016-12-24
309,Dana,Painted Lady,Garden,2020-05-07
310,Charlie,Blue Morpho,Rainforest,2017-12-25
311,Alice,Red Admiral,Mountain,2016-04-27
312,Alice,Swallowtail,Mountain,2017-07-24
313,Alice,Red Admiral,Rainforest,2015-06-05
314,Charlie,Monarch,Mountain,2017-12-06
315,Dana,Blue Morpho,Rainforest,2020-05-12
316,Bob,Swallowtail,Meadow,2019-08-11
317,Dana,Blue Morpho,Garden,2015-05-04
318,Alice,Blue Morpho,Meadow,2020-08-10
319,Dana,Painted Lady,Desert,2017-08-25
320,Dana,Monarch,Desert,2017-05-04
321,Bob,Blue Morpho,Desert,2016-10-01
322,Charlie,Red Admiral,Rainforest,2019-05-22
323,Charlie,Red Admiral,Mountain,2016-03-17
324,Dana,Painted Lady,Meadow,2020-04-28
325,Dana,Monarch,Meadow,2020-01-13
326,Charlie,Monarch,Meadow,2020-01-04
327,Charlie,Red Admiral,Meadow,2016-06-16
328,Bob,Swallowtail,Desert,2018-08-29
329,Alice,Painted Lady,Meadow,2017-08-06
330,Dana,Painted Lady,Mountain,2020-07-12
331,Charlie,Red Admiral,Desert,2016-04-04
332,Dana,Red Admiral,Meadow,2016-07-04
333,Dana,Swallowtail,Rainforest,2016-01-28
334,Charlie,Swallowtail,Garden,2019-11-23
335,Bob,Monarch,Garden,2017-04-24
336,Dana,Painted Lady,Garden,2018-02-12
337,Bob,Painted Lady,Desert,2016-10-07
338,Charlie,Red Admiral,Meadow,2019-01-06
339,Alice,Monarch,Desert,2018-10-09
340,Alice,Painted Lady,Mountain,2015-05-22
341,Dana,Monarch,Rainforest,2016-05-15
342,Charlie,Monarch,Rainforest,2017-04-19
343,Bob,Red Admiral,Garden,2019-08-10
344,Dana,Monarch,Garden,2019-04-15
345,Charlie,Swallowtail,Garden,2020-08-08
346,Charlie,Swallowtail,Meadow,2019-03-11
347,Bob,Blue Morpho,Mountain,2016-08-18
348,Dana,Red Admiral,Mountain,2020-03-19
349,Charlie,Blue Morpho,Mountain,2015-10-08
350,Charlie,Swallowtail,Mountain,2016-02-28
351,Charlie,Blue Morpho,Garden,2015-09-27
352,Bob,Red Admiral,Rainforest,2015-06-03
353,Dana,Red Admiral,Garden,2019-10-17
354,Dana,Monarch,Mountain,2016-10-23
355,Dana,Painted Lady,Garden,2020-05-21
356,Dana,Monarch,Mountain,2015-03-24
357,Alice,Red Admiral,Desert,2018-12-20
358,Alice,Swallowtail,Rainforest,2018-07-22
359,Dana,Swallowtail,Desert,2017-09-06
360,Bob,Monarch,Meadow,2019-07-18
361,Alice,Red Admiral,Garden,2018-10-30
362,Charlie,Swallowtail,Meadow,2016-09-24
363,Alice,Red Admiral,Garden,2019-03-12
364,Charlie,Swallowtail,Desert,2017-02-25
365,Dana,Red Admiral,Mountain,2016-02-02
366,Alice,Blue Morpho,Mountain,2018-02-17
367,Bob,Red Admiral,Garden,2017-07-22
368,Alice,Red Admiral,Mountain,2018-12-31
369,Alice,Monarch,Desert,2020-01-27
370,Alice,Blue Morpho,Mountain,2015-10-13
371,Dana,Painted Lady,Desert,2015-09-22
372,Bob,Monarch,Meadow,2020-11-06
373,Alice,Painted Lady,Desert,2019-08-05
374,Bob,Swallowtail,Rainforest,2018-05-11
375,Dana,Painted Lady,Rainforest,2017-03-31
376,Charlie,Red Admiral,Rainforest,2019-10-29
377,Alice,Painted Lady,Garden,2015-02-10
378,Bob,Monarch,Garden,2019-09-28
379,Bob,Monarch,Garden,2015-03-09
380,Dana,Painted Lady,Desert,2017-09-14
381,Alice,Monarch,Garden,2019-12-05
382,Charlie,Monarch,Meadow,2019-06-10
383,Bob,Painted Lady,Rainforest,2019-07-14
384,Alice,Blue Morpho,Desert,2018-07-02
385,Charlie,Blue Morpho,Rainforest,2016-11-25
386,Bob,Swallowtail,Garden,2017-12-21
387,Bob,Monarch,Desert,2019-08-21
388,Charlie,Painted Lady,Mountain,2017-11-24
389,Charlie,Monarch,Meadow,2017-02-17
390,Dana,Red Admiral,Garden,2016-05-08
391,Alice,Monarch,Garden,2019-05-05
392,Alice,Monarch,Meadow,2019-02-01
393,Dana,Blue Morpho,Meadow,2019-11-26
394,Bob,Painted Lady,Mountain,2016-10-22
395,Charlie,Monarch,Garden,2018-09-10
396,Charlie,Blue Morpho,Garden,2018-08-20
397,Charlie,Swallowtail,Rainforest,2018-07-23
398,Bob,Blue Morpho,Desert,2020-06-09
399,Charlie,Blue Morpho,Desert,2020-08-06
400,Charlie,Blue Morpho,Rainforest,2020-04-12
401,Dana,Monarch,Desert,2018-09-09
402,Bob,Monarch,Meadow,2017-11-24
403,Alice,Swallowtail,Desert,2017-09-03
404,Dana,Red Admiral,Desert,2016-04-26
405,Dana,Red Admiral,Rainforest,2016-12-28
406,Alice,Red Admiral,Mountain,2017-10-28
407,Dana,Swallowtail,Desert,2015-12-09
408,Bob,Red Admiral,Desert,2018-12-18
409,Charlie,Red Admiral,Mountain,2016-06-10
410,Bob,Blue Morpho,Rainforest,2020-03-11
411,Alice,Monarch,Mountain,2016-10-20
412,Alice,Monarch,Rainforest,2020-09-04
413,Dana,Blue Morpho,Meadow,2017-03-30
414,Bob,Blue Morpho,Rainforest,2016-02-10
415,Bob,Blue Morpho,Meadow,2019-04-23
416,Alice,Monarch,Meadow,2019-12-17
417,Bob,Red Admiral,Rainforest,2016-05-19
418,Alice,Blue Morpho,Garden,2015-06-28
419,Bob,Swallowtail,Rainforest,2015-05-12
420,Bob,Blue Morpho,Desert,2020-01-21
421,Bob,Painted Lady,Desert,2019-01-18
422,Alice,Blue Morpho,Garden,2017-02-10
423,Dana,Monarch,Meadow,2018-11-30
424,Bob,Blue Morpho,Garden,2020-10-24
425,Alice,Painted Lady,Desert,2016-08-01
426,Alice,Swallowtail,Garden,2019-02-24
427,Bob,Red Admiral,Rainforest,2015-07-13
428,Bob,Blue Morpho,Garden,2020-06-30
429,Dana,Painted Lady,Meadow,2018-03-31
430,Alice,Painted Lady,Rainforest,2018-10-16
431,Alice,Swallowtail,Mountain,2019-11-28
432,Charlie,Monarch,Desert,2018-01-15
433,Alice,Blue Morpho,Desert,2020-04-20
434,Dana,Painted Lady,Garden,2017-02-18
435,Charlie,Swallowtail,Rainforest,2015-09-19
436,Charlie,Red Admiral,Mountain,2016-12-30
437,Charlie,Painted Lady,Rainforest,2015-10-10
438,Bob,Swallowtail,Desert,2019-01-30
439,Bob,Monarch,Rainforest,2015-12-28
440,Alice,Monarch,Mountain,2016-03-16
441,Charlie,Painted Lady,Garden,2020-11-10
442,Dana,Painted Lady,Meadow,2019-07-03
443,Bob,Blue Morpho,Rainforest,2017-05-16
444,Dana,Swallowtail,Meadow,2018-12-18
445,Dana,Painted Lady,Desert,2015-05-22
446,Bob,Blue Morpho,Garden,2018-08-07
447,Bob,Blue Morpho,Garden,2018-12-26
448,Bob,Painted Lady,Rainforest,2020-02-19
449,Bob,Monarch,Garden,2020-01-22
450,Charlie,Swallowtail,Rainforest,2019-09-09
451,Charlie,Swallowtail,Rainforest,2016-12-01
452,Charlie,Monarch,Meadow,2017-09-24
453,Charlie,Painted Lady,Garden,2020-09-27
454,Alice,Swallowtail,Rainforest,2018-08-18
455,Charlie,Painted Lady,Meadow,2017-05-30
456,Bob,Painted Lady,Mountain,2018-04-28
457,Dana,Blue Morpho,Meadow,2018-03-05
458,Charlie,Monarch,Meadow,2016-07-08
459,Alice,Painted Lady,Rainforest,2016-02-08
460,Bob,Red Admiral,Desert,2017-06-10
461,Dana,Monarch,Desert,2016-08-24
462,Dana,Swallowtail,Desert,2020-01-05
463,Charlie,Blue Morpho,Meadow,2015-12-07
464,Dana,Swallowtail,Rainforest,2020-05-22
465,Charlie,Swallowtail,Garden,2016-12-04
466,Charlie,Monarch,Meadow,2015-11-14
467,Bob,Swallowtail,Meadow,2018-10-18
468,Bob,Painted Lady,Rainforest,2019-12-06
469,Alice,Swallowtail,Mountain,2018-09-29
470,Bob,Blue Morpho,Meadow,2019-04-22
471,Bob,Blue Morpho,Mountain,2017-03-27
472,Charlie,Red Admiral,Mountain,2016-07-06
473,Bob,Blue Morpho,Desert,2017-05-05
474,Charlie,Swallowtail,Rainforest,2019-12-18
475,Charlie,Blue Morpho,Mountain,2015-07-02
476,Bob,Monarch,Rainforest,2019-04-24
477,Alice,Blue Morpho,Desert,2016-02-01
478,Alice,Painted Lady,Rainforest,2019-09-24
479,Dana,Monarch,Meadow,2019-02-26
480,Dana,Red Admiral,Mountain,2017-06-25
481,Bob,Painted Lady,Rainforest,2018-09-18
482,Alice,Swallowtail,Garden,2020-12-14
483,Charlie,Swallowtail,Rainforest,2015-01-01
484,Dana,Swallowtail,Mountain,2015-01-19
485,Charlie,Painted Lady,Desert,2016-08-06
486,Dana,Painted Lady,Desert,2016-03-31
487,Bob,Painted Lady,Mountain,2020-07-29
488,Alice,Monarch,Meadow,2018-02-06
489,Dana,Monarch,Meadow,2020-05-06
490,Alice,Swallowtail,Desert,2020-11-20
491,Charlie,Blue Morpho,Desert,2017-09-14
492,Bob,Swallowtail,Mountain,2016-06-03
493,Alice,Red Admiral,Meadow,2017-05-08
494,Bob,Monarch,Desert,2015-06-23
495,Alice,Painted Lady,Meadow,2018-09-28
496,Charlie,Monarch,Desert,2016-12-27
497,Charlie,Painted Lady,Rainforest,2019-09-07
498,Bob,Red Admiral,Garden,2020-02-19
499,Charlie,Red Admiral,Rainforest,2019-08-09
500,Dana,Monarch,Desert,2018-09-09
501,Alice,Painted Lady,Garden,2017-09-16
502,Charlie,Red Admiral,Garden,2016-02-24
503,Dana,Swallowtail,Desert,2016-08-16
504,Bob,Swallowtail,Desert,2019-11-10
505,Dana,Painted Lady,Meadow,2017-07-24
506,Bob,Monarch,Desert,2018-01-12
507,Bob,Red Admiral,Mountain,2018-02-10
508,Alice,Monarch,Desert,2015-11-28
509,Alice,Swallowtail,Mountain,2020-09-19
510,Dana,Red Admiral,Desert,2019-11-29
511,Alice,Monarch,Meadow,2017-08-16
512,Alice,Blue Morpho,Mountain,2015-04-15
513,Alice,Painted Lady,Rainforest,2015-07-21
514,Dana,Painted Lady,Mountain,2020-01-17
515,Charlie,Blue Morpho,Meadow,2020-02-10
516,Alice,Swallowtail,Mountain,2020-06-19
517,Alice,Red Admiral,Desert,2018-07-13
518,Dana,Painted Lady,Desert,2017-06-28
519,Charlie,Blue Morpho,Meadow,2015-07-29
520,Alice,Blue Morpho,Garden,2016-07-16
521,Bob,Swallowtail,Desert,2019-04-13
522,Dana,Swallowtail,Rainforest,2017-02-09
523,Alice,Monarch,Meadow,2016-09-20
524,Alice,Painted Lady,Mountain,2019-06-17
525,Bob,Monarch,Mountain,2019-08-29
526,Bob,Blue Morpho,Rainforest,2016-01-22
527,Dana,Red Admiral,Desert,2020-04-19
528,Dana,Red Admiral,Meadow,2018-01-09
529,Bob,Swallowtail,Rainforest,2015-09-25
530,Dana,Red Admiral,Desert,2020-01-31
531,Bob,Red Admiral,Meadow,2020-06-21
532,Alice,Red Admiral,Mountain,2018-10-12
533,Bob,Blue Morpho,Meadow,2018-05-21
534,Bob,Red Admiral,Garden,2016-07-27
535,Charlie,Red Admiral,Meadow,2015-02-18
536,Bob,Red Admiral,Garden,2018-02-24
537,Bob,Monarch,Meadow,2015-08-11
538,Charlie,Blue Morpho,Garden,2018-12-02
539,Dana,Swallowtail,Mountain,2019-03-09
540,Charlie,Monarch,Desert,2019-12-25
541,Alice,Painted Lady,Garden,2019-01-01
542,Charlie,Blue Morpho,Garden,2018-02-04
543,Alice,Blue Morpho,Mountain,2019-08-09
544,Dana,Painted Lady,Garden,2016-01-10
545,Charlie,Painted Lady,Rainforest,2020-10-21
546,Charlie,Painted Lady,Mountain,2020-07-14
547,Dana,Swallowtail,Rainforest,2017-11-19
548,Alice,Red Admiral,Mountain,2020-03-04
549,Charlie,Blue Morpho,Garden,2019-12-29
550,Alice,Red Admiral,Rainforest,2019-01-14
551,Charlie,Red Admiral,Garden,2018-03-25
552,Bob,Painted Lady,Mountain,2017-11-30
553,Charlie,Swallowtail,Garden,2020-09-01
554,Dana,Monarch,Rainforest,2015-12-26
555,Dana,Swallowtail,Rainforest,2020-08-03
556,Alice,Red Admiral,Garden,2018-02-15
557,Charlie,Swallowtail,Meadow,2019-06-24
558,Alice,Painted Lady,Mountain,2018-11-04
559,Alice,Monarch,Mountain,2020-04-27
560,Bob,Painted Lady,Garden,2016-11-09
561,Bob,Monarch,Meadow,2015-01-07
562,Dana,Red Admiral,Rainforest,2019-05-11
563,Alice,Monarch,Desert,2017-04-12
564,Dana,Monarch,Desert,2019-12-16
565,Charlie,Monarch,Garden,2017-07-02
566,Alice,Swallowtail,Meadow,2020-07-04
567,Alice,Swallowtail,Meadow,2018-12-13
568,Charlie,Red Admiral,Mountain,2018-12-21
569,Charlie,Monarch,Rainforest,2019-02-11
570,Dana,Blue Morpho,Meadow,2015-05-06
571,Dana,Red Admiral,Desert,2017-03-27
572,Charlie,Monarch,Rainforest,2020-01-04
573,Dana,Monarch,Rainforest,2016-07-29
574,Charlie,Swallowtail,Garden,2018-11-16
575,Alice,Red Admiral,Meadow,2017-07-18
576,Alice,Monarch,Garden,2019-01-03
577,Bob,Monarch,Meadow,2017-04-12
578,Alice,Red Admiral,Mountain,2017-11-20
579,Charlie,Blue Morpho,Garden,2019-07-07
580,Dana,Red Admiral,Garden,2020-03-15
581,Bob,Red Admiral,Desert,2018-12-28
582,Dana,Blue Morpho,Garden,2018-10-31
583,Charlie,Red Admiral,Meadow,2016-03-18
584,Alice,Monarch,Desert,2020-10-23
585,Bob,Red Admiral,Garden,2016-07-10
586,Charlie,Blue Morpho,Garden,2018-03-24
587,Bob,Painted Lady,Mountain,2020-07-30
588,Bob,Red Admiral,Garden,2015-12-29
589,Alice,Swallowtail,Rainforest,2018-06-11
590,Charlie,Monarch,Desert,2020-01-16
591,Dana,Monarch,Rainforest,2020-01-25
592,Bob,Swallowtail,Desert,2020-12-12
593,Bob,Swallowtail,Mountain,2017-06-29
594,Dana,Red Admiral,Garden,2015-09-02
595,Charlie,Swallowtail,Garden,2016-06-25
596,Bob,Painted Lady,Garden,2020-12-09
597,Bob,Blue Morpho,Desert,2020-12-12
598,Bob,Swallowtail,Garden,2019-04-22
599,Charlie,Swallowtail,Rainforest,2015-05-04
600,Charlie,Painted Lady,Garden,2019-09-28
601,Dana,Monarch,Mountain,2017-02-24
602,Charlie,Monarch,Rainforest,2020-08-05
603,Charlie,Red Admiral,Garden,2017-03-07
604,Alice,Painted Lady,Garden,2015-03-18
605,Dana,Blue Morpho,Meadow,2015-02-28
606,Bob,Blue Morpho,Desert,2019-03-04
607,Charlie,Painted Lady,Rainforest,2020-04-20
608,Bob,Blue Morpho,Meadow,2020-11-26
609,Bob,Monarch,Mountain,2018-07-25
610,Alice,Blue Morpho,Desert,2015-03-09
611,Charlie,Blue Morpho,Rainforest,2020-04-16
612,Dana,Painted Lady,Garden,2015-12-31
613,Charlie,Painted Lady,Rainforest,2017-03-31
614,Bob,Blue Morpho,Garden,2018-11-03
615,Dana,Swallowtail,Desert,2017-08-04
616,Charlie,Painted Lady,Garden,2019-04-27
617,Bob,Red Admiral,Mountain,2018-10-09
618,Bob,Red Admiral,Garden,2018-12-10
619,Alice,Monarch,Mountain,2017-01-31
620,Alice,Blue Morpho,Desert,2015-12-07
621,Alice,Swallowtail,Desert,2016-01-18
622,Bob,Monarch,Rainforest,2017-09-30
623,Charlie,Blue Morpho,Mountain,2019-04-06
624,Alice,Painted Lady,Mountain,2015-10-27
625,Charlie,Red Admiral,Meadow,2015-05-19
626,Alice,Swallowtail,Meadow,2015-12-25
627,Dana,Red Admiral,Meadow,2017-04-15
628,Dana,Painted Lady,Garden,2019-03-03
629,Alice,Blue Morpho,Meadow,2019-06-16
630,Bob,Painted Lady,Mountain,2020-06-05
631,Alice,Painted Lady,Garden,2018-07-27
632,Alice,Red Admiral,Desert,2017-06-27
633,Bob,Swallowtail,Rainforest,2018-02-08
634,Dana,Painted Lady,Meadow,2020-12-26
635,Charlie,Red Admiral,Desert,2017-09-22
636,Alice,Swallowtail,Mountain,2020-11-21
637,Bob,Blue Morpho,Rainforest,2018-05-22
638,Alice,Blue Morpho,Desert,2019-11-20
639,Bob,Monarch,Rainforest,2015-06-14
640,Charlie,Red Admiral,Meadow,2017-09-25
641,Charlie,Swallowtail,Mountain,2018-07-31
642,Dana,Painted Lady,Rainforest,2016-10-18
643,Bob,Blue Morpho,Desert,2020-03-24
644,Bob,Swallowtail,Meadow,2020-08-08
645,Dana,Red Admiral,Meadow,2020-10-12
646,Dana,Monarch,Desert,2018-02-14
647,Bob,Blue Morpho,Desert,2020-03-04
648,Dana,Swallowtail,Rainforest,2015-09-24
649,Charlie,Swallowtail,Garden,2020-01-20
650,Alice,Swallowtail,Meadow,2019-09-05
651,Charlie,Red Admiral,Rainforest,2019-02-19
652,Dana,Red Admiral,Desert,2016-04-20
653,Bob,Red Admiral,Rainforest,2017-09-03
654,Bob,Painted Lady,Desert,2018-04-22
655,Charlie,Swallowtail,Mountain,2017-11-09
656,Bob,Blue Morpho,Desert,2020-05-14
657,Dana,Red Admiral,Desert,2016-07-11
658,Charlie,Red Admiral,Desert,2017-10-14
659,Bob,Swallowtail,Garden,2019-05-25
660,Alice,Red Admiral,Desert,2017-06-01
661,Alice,Painted Lady,Meadow,2016-10-27
662,Dana,Painted Lady,Meadow,2019-11-07
663,Bob,Red Admiral,Rainforest,2017-05-13
664,Dana,Swallowtail,Garden,2016-08-04
665,Charlie,Swallowtail,Rainforest,2016-11-25
666,Alice,Swallowtail,Meadow,2018-06-05
667,Charlie,Monarch,Meadow,2019-05-30
668,Bob,Red Admiral,Mountain,2018-05-24
669,Dana,Swallowtail,Desert,2016-02-03
670,Dana,Painted Lady,Meadow,2020-04-30
671,Dana,Blue Morpho,Rainforest,2016-12-15
672,Charlie,Blue Morpho,Rainforest,2016-12-04
673,Alice,Swallowtail,Desert,2019-09-11
674,Charlie,Blue Morpho,Desert,2020-05-26
675,Charlie,Blue Morpho,Mountain,2015-03-23
676,Bob,Monarch,Garden,2016-08-26
677,Bob,Painted Lady,Rainforest,2020-05-24
678,Bob,Painted Lady,Desert,2019-09-07
679,Alice,Monarch,Rainforest,2020-08-08
680,Alice,Monarch,Desert,2017-06-21
681,Bob,Blue Morpho,Meadow,2015-12-31
682,Bob,Red Admiral,Rainforest,2015-06-12
683,Alice,Blue Morpho,Meadow,2020-02-07
684,Dana,Monarch,Rainforest,2015-04-26
685,Alice,Painted Lady,Garden,2017-05-30
686,Alice,Blue Morpho,Mountain,2017-04-19
687,Alice,Red Admiral,Meadow,2018-09-08
688,Bob,Blue Morpho,Desert,2017-11-02
689,Dana,Swallowtail,Garden,2017-07-31
690,Alice,Blue Morpho,Rainforest,2019-09-21
691,Bob,Monarch,Meadow,2018-02-11
692,Charlie,Painted Lady,Rainforest,2015-01-22
693,Charlie,Painted Lady,Rainforest,2019-10-16
694,Alice,Monarch,Rainforest,2016-11-13
695,Charlie,Swallowtail,Mountain,2020-01-08
696,Dana,Monarch,Mountain,2015-05-06
697,Charlie,Blue Morpho,Desert,2015-10-04
698,Charlie,Monarch,Meadow,2020-06-22
699,Dana,Monarch,Garden,2018-05-12
700,Alice,Swallowtail,Garden,2016-11-26
701,Alice,Blue Morpho,Garden,2018-08-02
702,Dana,Red Admiral,Rainforest,2015-02-26
703,Dana,Red Admiral,Mountain,2015-01-19
704,Dana,Painted Lady,Meadow,2015-04-23
705,Charlie,Monarch,Rainforest,2016-06-25
706,Dana,Painted Lady,Mountain,2016-08-01
707,Bob,Swallowtail,Mountain,2017-12-24
708,Charlie,Red Admiral,Meadow,2015-01-25
709,Alice,Monarch,Meadow,2019-04-22
710,Alice,Swallowtail,Meadow,2020-08-10
711,Alice,Swallowtail,Rainforest,2019-04-22
712,Charlie,Monarch,Desert,2015-05-21
713,Bob,Swallowtail,Meadow,2019-11-03
714,Dana,Monarch,Desert,2016-10-09
715,Dana,Monarch,Rainforest,2015-07-20
716,Alice,Blue Morpho,Desert,2015-09-14
717,Alice,Painted Lady,Garden,2016-06-30
718,Charlie,Swallowtail,Desert,2017-03-12
719,Bob,Swallowtail,Meadow,2017-07-30
720,Dana,Blue Morpho,Rainforest,2016-02-18
721,Charlie,Blue Morpho,Meadow,2020-07-07
722,Dana,Blue Morpho,Garden,2018-10-13
723,Alice,Red Admiral,Meadow,2018-01-03
724,Dana,Red Admiral,Meadow,2017-06-28
725,Bob,Red Admiral,Meadow,2015-07-07
726,Bob,Monarch,Mountain,2020-07-08
727,Alice,Swallowtail,Garden,2018-08-06
728,Bob,Painted Lady,Meadow,2020-09-23
729,Bob,Monarch,Meadow,2020-10-31
730,Charlie,Swallowtail,Meadow,2018-02-20
731,Dana,Swallowtail,Rainforest,2015-12-24
732,Alice,Blue Morpho,Mountain,2019-04-01
733,Alice,Blue Morpho,Rainforest,2017-12-25
734,Alice,Monarch,Mountain,2019-08-08
735,Alice,Blue Morpho,Meadow,2015-06-11
736,Alice,Swallowtail,Garden,2016-03-25
737,Bob,Blue Morpho,Desert,2019-02-06
738,Charlie,Red Admiral,Desert,2017-11-02
739,Alice,Blue Morpho,Meadow,2020-11-28
740,Charlie,Swallowtail,Rainforest,2020-05-04
741,Charlie,Monarch,Garden,2018-08-06
742,Bob,Painted Lady,Mountain,2018-05-23
743,Alice,Blue Morpho,Meadow,2017-08-31
744,Bob,Swallowtail,Garden,2016-09-23
745,Alice,Painted Lady,Garden,2019-05-10
746,Bob,Painted Lady,Mountain,2017-11-16
747,Charlie,Red Admiral,Garden,2019-05-08
748,Alice,Painted Lady,Rainforest,2019-08-21
749,Dana,Swallowtail,Rainforest,2016-03-12
750,Charlie,Swallowtail,Rainforest,2019-04-06
751,Dana,Blue Morpho,Garden,2017-12-12
752,Charlie,Blue Morpho,Rainforest,2018-07-28
753,Bob,Blue Morpho,Mountain,2020-09-09
754,Alice,Painted Lady,Garden,2015-07-02
755,Charlie,Painted Lady,Desert,2019-01-09
756,Bob,Red Admiral,Garden,2019-01-19
757,Alice,Blue Morpho,Mountain,2019-05-09
758,Alice,Monarch,Desert,2019-05-07
759,Charlie,Red Admiral,Garden,2016-10-21
760,Alice,Monarch,Rainforest,2015-06-09
761,Charlie,Painted Lady,Meadow,2017-10-08
762,Alice,Red Admiral,Meadow,2015-02-22
763,Dana,Red Admiral,Rainforest,2017-11-11
764,Bob,Swallowtail,Meadow,2017-11-19
765,Dana,Painted Lady,Meadow,2018-05-13
766,Charlie,Painted Lady,Rainforest,2019-02-03
767,Dana,Red Admiral,Rainforest,2019-01-29
768,Charlie,Painted Lady,Garden,2017-11-01
769,Alice,Red Admiral,Garden,2020-05-04
770,Alice,Swallowtail,Rainforest,2017-04-29
771,Charlie,Red Admiral,Mountain,2015-12-20
772,Dana,Painted Lady,Meadow,2018-01-03
773,Alice,Painted Lady,Garden,2019-10-06
774,Bob,Red Admiral,Meadow,2019-01-04
775,Alice,Red Admiral,Desert,2017-09-17
776,Bob,Red Admiral,Rainforest,2018-06-18
777,Dana,Blue Morpho,Mountain,2020-02-28
778,Bob,Painted Lady,Desert,2019-12-15
779,Bob,Painted Lady,Desert,2018-01-16
780,Bob,Blue Morpho,Desert,2017-03-28
781,Bob,Red Admiral,Rainforest,2019-12-05
782,Alice,Swallowtail,Garden,2020-05-14
783,Bob,Red Admiral,Rainforest,2017-06-07
784,Alice,Red Admiral,Garden,2020-01-30
785,Bob,Blue Morpho,Desert,2018-03-26
786,Charlie,Painted Lady,Desert,2016-10-29
787,Dana,Red Admiral,Mountain,2016-09-24
788,Bob,Painted Lady,Garden,2019-07-01
789,Charlie,Monarch,Desert,2015-05-17
790,Bob,Painted Lady,Meadow,2020-04-30
791,Bob,Swallowtail,Mountain,2019-08-25
792,Bob,Swallowtail,Rainforest,2016-03-03
793,Charlie,Red Admiral,Mountain,2019-01-15
794,Dana,Painted Lady,Meadow,2017-03-29
795,Charlie,Red Admiral,Garden,2020-12-28
796,Dana,Blue Morpho,Rainforest,2018-01-11
797,Bob,Swallowtail,Rainforest,2015-07-17
798,Alice,Red Admiral,Garden,2020-06-18
799,Bob,Blue Morpho,Mountain,2016-04-15
800,Dana,Red Admiral,Desert,2020-05-02
801,Charlie,Painted Lady,Mountain,2017-07-17
802,Bob,Painted Lady,Meadow,2020-07-03
803,Charlie,Painted Lady,Desert,2017-06-24
804,Charlie,Painted Lady,Mountain,2015-01-23
805,Charlie,Monarch,Garden,2015-08-23
806,Bob,Blue Morpho,Meadow,2018-01-29
807,Charlie,Blue Morpho,Meadow,2017-07-17
808,Charlie,Painted Lady,Meadow,2016-06-06
809,Bob,Monarch,Desert,2019-12-14
810,Charlie,Painted Lady,Rainforest,2016-03-06
811,Bob,Monarch,Desert,2017-03-03
812,Dana,Painted Lady,Mountain,2019-06-18
813,Dana,Swallowtail,Rainforest,2019-10-03
814,Dana,Swallowtail,Mountain,2016-06-16
815,Charlie,Red Admiral,Rainforest,2019-10-13
816,Alice,Painted Lady,Desert,2019-08-03
817,Alice,Blue Morpho,Meadow,2018-08-09
818,Charlie,Red Admiral,Garden,2017-07-01
819,Alice,Swallowtail,Meadow,2018-01-29
820,Bob,Painted Lady,Desert,2019-03-06
821,Alice,Red Admiral,Rainforest,2018-08-20
822,Charlie,Painted Lady,Meadow,2017-10-20
823,Charlie,Swallowtail,Desert,2019-04-26
824,Bob,Red Admiral,Mountain,2018-10-10
825,Dana,Swallowtail,Garden,2019-02-28
826,Charlie,Monarch,Meadow,2019-08-09
827,Bob,Swallowtail,Rainforest,2020-06-20
828,Alice,Painted Lady,Mountain,2015-08-15
829,Alice,Blue Morpho,Desert,2018-06-13
830,Bob,Swallowtail,Garden,2017-05-22
831,Bob,Blue Morpho,Rainforest,2017-06-10
832,Charlie,Monarch,Desert,2019-01-18
833,Alice,Red Admiral,Desert,2017-11-02
834,Bob,Red Admiral,Meadow,2016-02-01
835,Alice,Blue Morpho,Meadow,2018-01-28
836,Bob,Red Admiral,Rainforest,2020-09-09
837,Alice,Swallowtail,Desert,2016-10-10
838,Dana,Blue Morpho,Meadow,2015-11-25
839,Charlie,Painted Lady,Garden,2019-01-22
840,Alice,Swallowtail,Garden,2017-08-09
841,Dana,Swallowtail,Desert,2020-06-28
842,Alice,Swallowtail,Meadow,2020-07-09
843,Alice,Painted Lady,Rainforest,2020-02-22
844,Dana,Monarch,Rainforest,2018-04-11
845,Alice,Red Admiral,Rainforest,2019-11-08
846,Alice,Blue Morpho,Garden,2015-06-11
847,Charlie,Monarch,Meadow,2019-10-18
848,Dana,Blue Morpho,Meadow,2017-02-14
849,Dana,Red Admiral,Garden,2020-01-02
850,Bob,Painted Lady,Rainforest,2017-11-17
851,Alice,Swallowtail,Rainforest,2017-07-28
852,Charlie,Swallowtail,Desert,2016-06-23
853,Alice,Painted Lady,Mountain,2017-04-01
854,Alice,Monarch,Meadow,2019-01-01
855,Bob,Monarch,Meadow,2017-12-24
856,Alice,Blue Morpho,Meadow,2015-12-22
857,Charlie,Painted Lady,Mountain,2015-08-23
858,Charlie,Monarch,Desert,2019-03-29
859,Bob,Painted Lady,Mountain,2020-09-27
860,Alice,Red Admiral,Rainforest,2015-04-28
861,Charlie,Swallowtail,Rainforest,2020-10-02
862,Alice,Swallowtail,Meadow,2019-08-01
863,Alice,Swallowtail,Garden,2017-12-03
864,Alice,Painted Lady,Meadow,2020-10-01
865,Bob,Painted Lady,Garden,2016-07-11
866,Alice,Blue Morpho,Mountain,2019-12-21
867,Charlie,Swallowtail,Rainforest,2020-06-28
868,Alice,Blue Morpho,Garden,2016-02-02
869,Charlie,Swallowtail,Mountain,2016-11-05
870,Alice,Blue Morpho,Rainforest,2016-01-22
871,Charlie,Blue Morpho,Garden,2020-11-28
872,Charlie,Red Admiral,Meadow,2020-08-26
873,Alice,Blue Morpho,Meadow,2017-06-02
874,Alice,Painted Lady,Meadow,2016-06-24
875,Charlie,Blue Morpho,Mountain,2015-06-20
876,Dana,Swallowtail,Meadow,2017-01-09
877,Bob,Blue Morpho,Desert,2018-11-02
878,Dana,Monarch,Rainforest,2015-04-29
879,Dana,Swallowtail,Mountain,2020-11-21
880,Alice,Monarch,Meadow,2020-06-18
881,Bob,Swallowtail,Rainforest,2019-09-02
882,Dana,Painted Lady,Garden,2019-09-19
883,Alice,Painted Lady,Meadow,2019-08-25
884,Dana,Painted Lady,Rainforest,2018-12-15
885,Dana,Monarch,Desert,2019-10-26
886,Alice,Red Admiral,Garden,2019-03-05
887,Alice,Swallowtail,Desert,2016-10-26
888,Alice,Painted Lady,Rainforest,2015-02-02
889,Bob,Swallowtail,Desert,2020-10-03
890,Dana,Monarch,Rainforest,2020-08-21
891,Alice,Red Admiral,Rainforest,2019-04-01
892,Charlie,Monarch,Desert,2016-12-20
893,Dana,Swallowtail,Rainforest,2016-04-28
894,Charlie,Red Admiral,Meadow,2017-08-30
895,Bob,Red Admiral,Rainforest,2015-11-03
896,Alice,Monarch,Mountain,2016-04-01
897,Charlie,Painted Lady,Rainforest,2015-11-27
898,Bob,Swallowtail,Mountain,2015-08-13
899,Alice,Blue Morpho,Rainforest,2019-01-19
900,Charlie,Blue Morpho,Rainforest,2017-12-18
901,Charlie,Monarch,Desert,2016-10-05
902,Bob,Swallowtail,Meadow,2016-09-07
903,Alice,Swallowtail,Meadow,2015-07-14
904,Alice,Monarch,Garden,2016-05-03
905,Charlie,Swallowtail,Desert,2018-06-03
906,Charlie,Painted Lady,Desert,2018-01-07
907,Charlie,Monarch,Meadow,2018-02-21
908,Alice,Painted Lady,Desert,2018-05-26
909,Bob,Swallowtail,Meadow,2016-05-30
910,Bob,Monarch,Desert,2019-06-14
911,Alice,Swallowtail,Rainforest,2018-02-01
912,Dana,Monarch,Meadow,2016-01-28
913,Bob,Swallowtail,Meadow,2016-09-22
914,Charlie,Painted Lady,Mountain,2020-01-22
915,Dana,Painted Lady,Desert,2017-09-06
916,Dana,Swallowtail,Desert,2016-03-09
917,Bob,Monarch,Meadow,2015-10-05
918,Dana,Blue Morpho,Rainforest,2015-08-21
919,Dana,Painted Lady,Rainforest,2019-04-02
920,Bob,Painted Lady,Rainforest,2019-05-14
921,Bob,Blue Morpho,Desert,2018-01-18
922,Dana,Swallowtail,Mountain,2015-01-26
923,Charlie,Monarch,Meadow,2018-11-18
924,Alice,Swallowtail,Garden,2016-04-05
925,Dana,Red Admiral,Mountain,2017-12-27
926,Dana,Painted Lady,Garden,2017-10-03
927,Charlie,Red Admiral,Mountain,2020-06-17
928,Dana,Painted Lady,Rainforest,2016-05-05
929,Dana,Painted Lady,Desert,2017-12-08
930,Alice,Red Admiral,Garden,2015-08-04
931,Alice,Red Admiral,Mountain,2019-09-20
932,Alice,Swallowtail,Desert,2019-05-12
933,Bob,Red Admiral,Garden,2015-06-08
934,Bob,Swallowtail,Meadow,2016-11-16
935,Alice,Swallowtail,Mountain,2019-11-12
936,Alice,Swallowtail,Meadow,2020-08-14
937,Bob,Painted Lady,Rainforest,2020-01-18
938,Charlie,Painted Lady,Meadow,2019-05-09
939,Dana,Red Admiral,Meadow,2019-08-24
940,Dana,Painted Lady,Mountain,2020-04-30
941,Alice,Red Admiral,Rainforest,2020-08-24
942,Charlie,Painted Lady,Meadow,2018-02-19
943,Bob,Monarch,Desert,2019-05-01
944,Alice,Monarch,Garden,2020-04-16
945,Charlie,Red Admiral,Meadow,2019-10-24
946,Charlie,Painted Lady,Rainforest,2020-08-12
947,Charlie,Painted Lady,Meadow,2017-09-16
948,Bob,Swallowtail,Garden,2019-03-22
949,Bob,Blue Morpho,Rainforest,2018-01-21
950,Dana,Red Admiral,Mountain,2016-05-07
951,Dana,Blue Morpho,Rainforest,2016-09-11
952,Charlie,Blue Morpho,Mountain,2020-09-28
953,Charlie,Red Admiral,Rainforest,2019-03-27
954,Bob,Painted Lady,Garden,2017-05-12
955,Dana,Red Admiral,Garden,2019-08-19
956,Charlie,Blue Morpho,Rainforest,2019-05-25
957,Dana,Painted Lady,Meadow,2016-08-02
958,Dana,Monarch,Garden,2020-03-05
959,Charlie,Red Admiral,Mountain,2018-06-29
960,Bob,Red Admiral,Mountain,2020-01-30
961,Charlie,Painted Lady,Desert,2018-09-17
962,Charlie,Monarch,Mountain,2018-03-08
963,Dana,Monarch,Desert,2015-12-23
964,Charlie,Painted Lady,Rainforest,2019-06-13
965,Bob,Swallowtail,Rainforest,2020-06-29
966,Charlie,Red Admiral,Rainforest,2017-05-19
967,Bob,Red Admiral,Meadow,2017-06-04
968,Bob,Blue Morpho,Meadow,2020-06-24
969,Dana,Painted Lady,Desert,2018-11-14
970,Alice,Blue Morpho,Mountain,2018-07-07
971,Alice,Blue Morpho,Mountain,2016-09-11
972,Dana,Monarch,Rainforest,2017-06-01
973,Charlie,Red Admiral,Garden,2017-03-07
974,Dana,Blue Morpho,Meadow,2020-12-12
975,Bob,Monarch,Meadow,2018-07-20
976,Alice,Painted Lady,Rainforest,2016-09-10
977,Dana,Blue Morpho,Meadow,2020-01-09
978,Charlie,Red Admiral,Rainforest,2015-09-02
979,Dana,Blue Morpho,Desert,2017-07-18
980,Alice,Painted Lady,Mountain,2018-06-24
981,Dana,Blue Morpho,Garden,2016-06-03
982,Dana,Red Admiral,Mountain,2015-01-08
983,Alice,Monarch,Mountain,2020-07-12
984,Bob,Red Admiral,Desert,2016-05-09
985,Bob,Monarch,Meadow,2019-06-18
986,Alice,Swallowtail,Garden,2017-11-28
987,Dana,Red Admiral,Meadow,2015-07-06
988,Alice,Red Admiral,Mountain,2020-02-21
989,Bob,Painted Lady,Rainforest,2020-11-10
990,Charlie,Blue Morpho,Mountain,2015-03-27
991,Dana,Monarch,Meadow,2015-05-17
992,Bob,Monarch,Mountain,2020-10-22
993,Dana,Painted Lady,Rainforest,2019-06-25
994,Alice,Painted Lady,Desert,2019-10-18
995,Charlie,Blue Morpho,Meadow,2019-11-23
996,Alice,Blue Morpho,Mountain,2017-05-21
997,Charlie,Red Admiral,Meadow,2017-08-01
998,Dana,Swallowtail,Desert,2019-06-15
999,Dana,Blue Morpho,Mountain,2015-12-15
1000,Alice,Painted Lady,Mountain,2019-08-04
